{
  "string": [
    {
      "name": "entry_MainAbility",
      "value": "entry_MainAbility"
    },
    {
      "name": "mainability_description",
      "value": "Java_Empty Ability"
    },
    {
      "name": "mainability_HelloWorld",
      "value": "你好，世界"
    },
    {
      "name": "mainability_button_0",
      "value": "0"
    },
    {
      "name": "mainability_button_1",
      "value": "1"
    },
    {
      "name": "mainability_button_2",
      "value": "2"
    },
    {
      "name": "mainability_button_3",
      "value": "3"
    },
    {
      "name": "mainability_button_4",
      "value": "4"
    },
    {
      "name": "mainability_button_5",
      "value": "5"
    },
    {
      "name": "mainability_button_6",
      "value": "6"
    },
    {
      "name": "mainability_button_7",
      "value": "7"
    },
    {
      "name": "mainability_button_8",
      "value": "8"
    },
    {
      "name": "mainability_button_9",
      "value": "9"
    },
    {
      "name": "mainability_input",
      "value": "black"
    },
    {
      "name": "entry_SettingAbility",
      "value": "entry_SettingAbility"
    },
    {
      "name": "settingability_description",
      "value": "Java_Empty Ability"
    },
    {
      "name": "settingability_HelloWorld",
      "value": "你好，世界"
    }
  ]
}