{
  "string": [
    {
      "name": "home",
      "value": "Home"
    },
    {
      "name": "life",
      "value": "Life"
    },
    {
      "name": "feature",
      "value": "Feat"
    },
    {
      "name": "more",
      "value": "More"
    },
    {
      "name": "content_one",
      "value": "· [Fund Daily News] New Fund Issuance\"It's a little cold.\""
    },
    {
      "name": "content_two",
      "value": "· [Morning paper] Green Development Wins Support"
    },
    {
      "name": "content_three",
      "value": "· 《Daily review》 Promoting High-quality Development in Central China"
    },
    {
      "name": "content_four",
      "value": "· 《Early reading》 2021/3/31"
    },
    {
      "name": "recommend_text_one",
      "value": "Surfing"
    },
    {
      "name": "recommend_text_two",
      "value": "Leisure"
    },
    {
      "name": "recommend_text_three",
      "value": "Tourism"
    },
    {
      "name": "guide_text_one",
      "value": "Champagne"
    },
    {
      "name": "guide_text_two",
      "value": "Coffee"
    },
    {
      "name": "guide_text_three",
      "value": "Cake"
    },
    {
      "name": "recommend_desc",
      "value": "50% off"
    },
    {
      "name": "information_title_one",
      "value": "A number of initiatives accelerate the development of a new type of consumer central bank to push real lending rates"
    },
    {
      "name": "information_title_two",
      "value": "A - share market continues to adjust, the three major indexes trend divergence"
    },
    {
      "name": "information_title_three",
      "value": "Jimin should adhere to the idea of long-term investment, should not listen to biased belief or follow the trend."
    },
    {
      "name": "information_auxiliary_text",
      "value": "Financial Information"
    },
    {
      "name": "like_title_one",
      "value": "10 yuan voucher for automatic soybean milk machine"
    },
    {
      "name": "like_title_two",
      "value": "Pure cotton towel"
    },
    {
      "name": "like_title_three",
      "value": "Fragrant Coffee Beans"
    },
    {
      "name": "price",
      "value": "99.99"
    },
    {
      "name": "sold",
      "value": "sold 888"
    },
    {
      "name": "like_auxiliary_text",
      "value": "everyday items"
    },
    {
      "name": "tab_one",
      "value": "Query"
    },
    {
      "name": "tab_two",
      "value": "Transfer"
    },
    {
      "name": "tab_three",
      "value": "Holdings"
    },
    {
      "name": "tab_four",
      "value": "Fortunes"
    },
    {
      "name": "tab_five",
      "value": "Pay"
    },
    {
      "name": "tab_six",
      "value": "Credit Card"
    },
    {
      "name": "tab_seven",
      "value": "Loans"
    },
    {
      "name": "tab_eight",
      "value": "Life"
    },
    {
      "name": "my_features",
      "value": "My Features"
    },
    {
      "name": "drag_the_sorting",
      "value": "Drag the sorting"
    },
    {
      "name": "information",
      "value": "Information"
    },
    {
      "name": "recommend",
      "value": "Recommend"
    },
    {
      "name": "guide",
      "value": "Preferred Guide"
    },
    {
      "name": "guess_you_like",
      "value": "Guess you like"
    },
    {
      "name": "shenzhen",
      "value": "shenzhen"
    },
    {
      "name": "search",
      "value": "search..."
    },
    {
      "name": "pay",
      "value": "Pay"
    },
    {
      "name": "gathering",
      "value": "Gathering"
    },
    {
      "name": "transfer",
      "value": "Transfer"
    },
    {
      "name": "account",
      "value": "Account"
    },
    {
      "name": "borrow",
      "value": "Borrow"
    },
    {
      "name": "top_up",
      "value": "Top up"
    },
    {
      "name": "fund",
      "value": "Fund"
    },
    {
      "name": "quota",
      "value": "Quota"
    },
    {
      "name": "store",
      "value": "Store"
    },
    {
      "name": "credit_card",
      "value": "Card"
    },
    {
      "name": "transaction_query",
      "value": "Query"
    },
    {
      "name": "invoice",
      "value": "Invoice"
    },
    {
      "name": "transportation",
      "value": "Trans"
    },
    {
      "name": "card_volume",
      "value": "Volume"
    },
    {
      "name": "air_ticket",
      "value": "Air ticket"
    },
    {
      "name": "wisdom_card",
      "value": "Wisdom"
    },
    {
      "name": "health_code",
      "value": "Health"
    },
    {
      "name": "coin",
      "value": "Coin"
    },
    {
      "name": "hotel",
      "value": "Hotel"
    },
    {
      "name": "holiday",
      "value": "Holiday"
    }
  ]
}