{
  "string": [
    {
      "name": "entry_MainAbility",
      "value": "entry_MainAbility"
    },
    {
      "name": "mainability_description",
      "value": "Java_Empty Ability"
    },
    {
      "name": "mainability_HelloWorld",
      "value": "Hello World"
    },
    {
      "name": "entry_SettingAbility",
      "value": "entry_SettingAbility"
    },
    {
      "name": "settingability_description",
      "value": "Java_Empty Ability"
    },
    {
      "name": "settingability_HelloWorld",
      "value": "Hello World"
    }
  ]
}