{
  "color": [
    {
      "name": "normal_text",
      "value": "#e6000000"
    },
    {
      "name": "auxiliary_text",
      "value": "#99000000"
    },
    {
      "name": "dark_text",
      "value": "#d6000000"
    },
    {
      "name": "divider",
      "value": "#000000"
    },
    {
      "name": "tab_list_selected",
      "value": "#0a59f7"
    },
    {
      "name": "search_box_black",
      "value": "#0d000000"
    },
    {
      "name": "navigation_selected",
      "value": "#254ff7"
    },
    {
      "name": "navigation_unselected",
      "value": "#66000000"
    },
    {
      "name": "navigation_background",
      "value": "#f1f3f5"
    },
    {
      "name": "status_bar_background",
      "value": "#e36144"
    },
    {
      "name": "white_status_bar_background",
      "value": "#ffffff"
    },
    {
      "name": "price",
      "value": "#ff7500"
    }
  ]
}