{
  "string": [
    {
      "name": "home",
      "value": "首页"
    },
    {
      "name": "life",
      "value": "生活"
    },
    {
      "name": "more",
      "value": "更多"
    },
    {
      "name": "content_one",
      "value": "· [基金日讯] 新基金发行\"有点冷\""
    },
    {
      "name": "content_two",
      "value": "· [早报] 绿色发展获力挺"
    },
    {
      "name": "content_three",
      "value": "· 《每日一评》 推动中部高质量发展"
    },
    {
      "name": "content_four",
      "value": "· 《早读》 2021/3/31"
    },
    {
      "name": "recommend_text_one",
      "value": "冲浪"
    },
    {
      "name": "recommend_text_two",
      "value": "休闲"
    },
    {
      "name": "recommend_text_three",
      "value": "海外旅游"
    },
    {
      "name": "guide_text_one",
      "value": "香槟"
    },
    {
      "name": "guide_text_two",
      "value": "咖啡"
    },
    {
      "name": "guide_text_three",
      "value": "蛋糕"
    },
    {
      "name": "recommend_desc",
      "value": "团购5折"
    },
    {
      "name": "information_title_one",
      "value": "多项举措加快培育新型消费 央行推动实际贷款利率"
    },
    {
      "name": "information_title_two",
      "value": "A股市场持续调整，三大指数走势分化"
    },
    {
      "name": "information_title_three",
      "value": "基民应坚持长期投资的理念，不应偏听偏信或跟风"
    },
    {
      "name": "information_auxiliary_text",
      "value": "金融资讯"
    },
    {
      "name": "like_title_one",
      "value": "全自动豆浆机10元代金券"
    },
    {
      "name": "like_title_two",
      "value": "纯棉毛巾"
    },
    {
      "name": "like_title_three",
      "value": "浓香咖啡豆"
    },
    {
      "name": "price",
      "value": "99.99"
    },
    {
      "name": "sold",
      "value": "已售 888"
    },
    {
      "name": "like_auxiliary_text",
      "value": "日常用品"
    },
    {
      "name": "tab_one",
      "value": "查询"
    },
    {
      "name": "tab_two",
      "value": "转账"
    },
    {
      "name": "tab_three",
      "value": "持仓"
    },
    {
      "name": "tab_four",
      "value": "财富"
    },
    {
      "name": "tab_five",
      "value": "支付"
    },
    {
      "name": "tab_six",
      "value": "信用卡"
    },
    {
      "name": "tab_seven",
      "value": "贷款"
    },
    {
      "name": "tab_eight",
      "value": "生活"
    },
    {
      "name": "my_features",
      "value": "我的功能"
    },
    {
      "name": "drag_the_sorting",
      "value": "按住拖动排序"
    },
    {
      "name": "information",
      "value": "资讯"
    },
    {
      "name": "recommend",
      "value": "精彩推荐"
    },
    {
      "name": "guide",
      "value": "优选指南"
    },
    {
      "name": "guess_you_like",
      "value": "猜你喜欢"
    },
    {
      "name": "shenzhen",
      "value": "深圳市"
    },
    {
      "name": "search",
      "value": "搜索..."
    },
    {
      "name": "pay",
      "value": "扫码支付"
    },
    {
      "name": "gathering",
      "value": "收付款"
    },
    {
      "name": "transfer",
      "value": "转账"
    },
    {
      "name": "account",
      "value": "账户管理"
    },
    {
      "name": "borrow",
      "value": "借钱"
    },
    {
      "name": "top_up",
      "value": "充值"
    },
    {
      "name": "fund",
      "value": "基金"
    },
    {
      "name": "quota",
      "value": "额度管理"
    },
    {
      "name": "store",
      "value": "商城"
    },
    {
      "name": "credit_card",
      "value": "信用卡"
    },
    {
      "name": "transaction_query",
      "value": "交易查询"
    },
    {
      "name": "invoice",
      "value": "发票"
    },
    {
      "name": "transportation",
      "value": "交通出行"
    },
    {
      "name": "card_volume",
      "value": "优惠卡卷"
    },
    {
      "name": "air_ticket",
      "value": "机票预订"
    },
    {
      "name": "wisdom_card",
      "value": "智卡"
    },
    {
      "name": "health_code",
      "value": "健康码"
    },
    {
      "name": "coin",
      "value": "花币"
    },
    {
      "name": "hotel",
      "value": "酒店住宿"
    },
    {
      "name": "holiday",
      "value": "休闲度假"
    }
  ]
}